scenario,commission_revenue,subsidy,refunds,disputes,chargeback_loss,total_leakage,contribution_margin_proxy,leakage_avoided_vs_baseline,contribution_margin_change_vs_baseline
fraud_control_improvement,1251786.3732,398867.91120000003,1108934.34037848,711472.0228935659,367329.82365288,2586604.0981249255,-1334817.7249249255,658976.7118750745,646332.4050750746
seller_quality_improvement,1245464.2197999998,380979.289728,1011309.2650835437,817997.2500372273,551511.1028950199,2761796.907743791,-1516332.6879437913,483783.90225620894,464817.44205620885
subsidy_tightening,1207531.2994,277031.89468800003,1122017.944765872,903755.3298660478,587468.448679728,2890273.6179996477,-1682742.3185996478,355307.1920003523,298407.8114003523
baseline,1264430.68,402896.88,1248340.24,974082.5299999999,620261.16,3245580.81,-1981150.1300000001,0.0,0.0
downside_high_risk_deterioration,1308685.7537999998,450358.132464,1563668.9872796158,1300143.0197620797,815148.2088898559,4129318.3483955516,-2820632.5945955515,-883737.5383955515,-839482.4645955514
