scenario,scenario_type,decision_score_uncertain,expected_cm_delta_vs_baseline,prob_cm_positive,prob_cm_better_than_baseline,prob_leakage_better_than_baseline,contribution_margin_proxy_p05,contribution_margin_proxy_p50,contribution_margin_proxy_p95
fraud_control_improvement,risk_upside,69.58951704728726,640989.360832067,0.0,1.0,1.0,-1520243.3538779777,-1336534.7182132849,-1160986.757342318
seller_quality_improvement,quality_upside,64.58515375349232,475309.43625332275,0.0,0.98,0.9733333333333334,-1677262.5230081407,-1504039.7912106211,-1309572.0351232085
subsidy_tightening,policy_upside,58.31602786749694,290674.6988463565,0.0,0.94,0.94,-1881178.9254153501,-1680180.1303555397,-1501240.85748079
baseline,reference,0.0,0.0,0.0,0.0,0.0,-2230705.637824645,-1984231.1663070323,-1745940.9080196419
downside_high_risk_deterioration,downside,-19.08936672656952,-838689.926273322,0.0,0.0,0.0,-3098146.760634602,-2829874.88221277,-2542653.4018297517
