scenario,avg_score,median_score,top50_overlap_vs_baseline,top50_overlap_rate
baseline,42.475618737948885,42.42203262890547,50,1.0
fraud_heavy,39.215112015858786,39.0053382215027,45,0.9
margin_heavy,41.40379990973724,41.37667753706111,40,0.8
quality_heavy,46.095373744221675,45.803451989386645,43,0.86
